{
  "roc_auc": 0.8479519104748463,
  "report": {
    "0": {
      "precision": 0.734533183352081,
      "recall": 0.7175824175824176,
      "f1-score": 0.725958866036687,
      "support": 910.0
    },
    "1": {
      "precision": 0.7686768676867687,
      "recall": 0.7834862385321101,
      "f1-score": 0.7760109041344844,
      "support": 1090.0
    },
    "accuracy": 0.7535,
    "macro avg": {
      "precision": 0.7516050255194249,
      "recall": 0.7505343280572638,
      "f1-score": 0.7509848850855857,
      "support": 2000.0
    },
    "weighted avg": {
      "precision": 0.7531414913144858,
      "recall": 0.7535,
      "f1-score": 0.7532372267999866,
      "support": 2000.0
    }
  },
  "n_features": 10,
  "n_rows": 10000
}